case_id,mach,altitude_m,ramp_angle_deg
case_00000,6.04729,29009.27,6.01823
case_00001,7.79460,16236.63,9.92657
case_00002,7.31081,18183.98,11.69431
case_00003,4.11024,25070.26,11.53401
